sequential,2000000,stl_unordered_map,94519296,0.166344
sequential,2000000,boost_unordered_map,134586368,0.197095
sequential,2000000,google_sparse_hash_map,47423488,0.323316
sequential,2000000,google_dense_hash_map,80535552,0.074639
sequential,2000000,qt_qhash,145747968,0.119182
sequential,2000000,spp_sparse_hash_map,49717248,0.130143
sequential,2000000,hopscotch_map,114114560,0.105537
sequential,4000000,stl_unordered_map,176140288,0.324096
sequential,4000000,boost_unordered_map,255721472,0.388898
sequential,4000000,google_sparse_hash_map,81530880,0.612696
sequential,4000000,google_dense_hash_map,147644416,0.141975
sequential,4000000,qt_qhash,258629632,0.231701
sequential,4000000,spp_sparse_hash_map,86114304,0.255308
sequential,4000000,hopscotch_map,214777856,0.205288
sequential,6000000,stl_unordered_map,276123648,0.521473
sequential,6000000,boost_unordered_map,351690752,0.522502
sequential,6000000,google_sparse_hash_map,114241536,0.716530
sequential,6000000,google_dense_hash_map,281862144,0.262347
sequential,6000000,qt_qhash,388153344,0.364804
sequential,6000000,spp_sparse_hash_map,125657088,0.441628
sequential,6000000,hopscotch_map,214777856,0.223321
sequential,8000000,stl_unordered_map,340058112,0.643399
sequential,8000000,boost_unordered_map,497991680,0.767056
sequential,8000000,google_sparse_hash_map,149614592,1.222180
sequential,8000000,google_dense_hash_map,281862144,0.279244
sequential,8000000,qt_qhash,484122624,0.455276
sequential,8000000,spp_sparse_hash_map,159043584,0.502810
sequential,8000000,hopscotch_map,416104448,0.417282
sequential,10000000,stl_unordered_map,477057024,0.950775
sequential,10000000,boost_unordered_map,593960960,0.902211
sequential,10000000,google_sparse_hash_map,182325248,1.385615
sequential,10000000,google_dense_hash_map,550297600,0.498032
sequential,10000000,qt_qhash,647200768,0.636043
sequential,10000000,spp_sparse_hash_map,204877824,0.808049
sequential,10000000,hopscotch_map,416104448,0.417666
sequential,12000000,stl_unordered_map,540991488,1.059873
sequential,12000000,boost_unordered_map,690065408,1.040877
sequential,12000000,google_sparse_hash_map,215035904,1.514099
sequential,12000000,google_dense_hash_map,550297600,0.510061
sequential,12000000,qt_qhash,743305216,0.724990
sequential,12000000,spp_sparse_hash_map,238129152,0.874076
sequential,12000000,hopscotch_map,416104448,0.431153
sequential,14000000,stl_unordered_map,605061120,1.173912
sequential,14000000,boost_unordered_map,886697984,1.390782
sequential,14000000,google_sparse_hash_map,253202432,2.232903
sequential,14000000,google_dense_hash_map,550297600,0.531278
sequential,14000000,qt_qhash,839274496,0.815450
sequential,14000000,spp_sparse_hash_map,271380480,0.938912
sequential,14000000,hopscotch_map,416104448,0.443340
sequential,16000000,stl_unordered_map,668995584,1.286554
sequential,16000000,boost_unordered_map,982667264,1.548656
sequential,16000000,google_sparse_hash_map,285913088,2.344877
sequential,16000000,google_dense_hash_map,550297600,0.537252
sequential,16000000,qt_qhash,935243776,0.910803
sequential,16000000,spp_sparse_hash_map,304631808,1.000222
sequential,16000000,hopscotch_map,818757632,0.791704
sequential,18000000,stl_unordered_map,881164288,1.718834
sequential,18000000,boost_unordered_map,1078636544,1.651679
sequential,18000000,google_sparse_hash_map,318623744,2.453035
sequential,18000000,google_dense_hash_map,1087168512,0.959285
sequential,18000000,qt_qhash,1165430784,1.173524
sequential,18000000,spp_sparse_hash_map,363048960,1.570137
sequential,18000000,hopscotch_map,818757632,0.802921
sequential,20000000,stl_unordered_map,945098752,1.840018
sequential,20000000,boost_unordered_map,1174740992,1.773995
sequential,20000000,google_sparse_hash_map,351199232,2.560342
sequential,20000000,google_dense_hash_map,1087168512,0.973517
sequential,20000000,qt_qhash,1261535232,1.263436
sequential,20000000,spp_sparse_hash_map,396300288,1.612736
sequential,20000000,hopscotch_map,818757632,0.818345
sequential,22000000,stl_unordered_map,1009168384,1.963232
sequential,22000000,boost_unordered_map,1270710272,1.931122
sequential,22000000,google_sparse_hash_map,383909888,2.662065
sequential,22000000,google_dense_hash_map,1087168512,0.993295
sequential,22000000,qt_qhash,1357504512,1.349831
sequential,22000000,spp_sparse_hash_map,429551616,1.674763
sequential,22000000,hopscotch_map,818757632,0.829753
sequential,24000000,stl_unordered_map,1073102848,2.091443
sequential,24000000,boost_unordered_map,1366679552,2.093096
sequential,24000000,google_sparse_hash_map,416620544,2.768471
sequential,24000000,google_dense_hash_map,1087168512,0.997819
sequential,24000000,qt_qhash,1453473792,1.436649
sequential,24000000,spp_sparse_hash_map,462802944,1.731293
sequential,24000000,hopscotch_map,818757632,0.856537
sequential,26000000,stl_unordered_map,1137172480,2.235590
sequential,26000000,boost_unordered_map,1663975424,2.628022
sequential,26000000,google_sparse_hash_map,449196032,3.506971
sequential,26000000,google_dense_hash_map,1087168512,1.014621
sequential,26000000,qt_qhash,1549443072,1.525516
sequential,26000000,spp_sparse_hash_map,496054272,1.807271
sequential,26000000,hopscotch_map,818757632,0.865097
sequential,28000000,stl_unordered_map,1201106944,2.326112
sequential,28000000,boost_unordered_map,1759944704,2.747545
sequential,28000000,google_sparse_hash_map,493092864,4.424409
sequential,28000000,google_dense_hash_map,1087168512,1.033546
sequential,28000000,qt_qhash,1645412352,1.607541
sequential,28000000,spp_sparse_hash_map,529305600,1.859287
sequential,28000000,hopscotch_map,818757632,0.897557
sequential,30000000,stl_unordered_map,1265176576,2.457321
sequential,30000000,boost_unordered_map,1856049152,2.889936
sequential,30000000,google_sparse_hash_map,525803520,4.532016
sequential,30000000,google_dense_hash_map,1087168512,1.038781
sequential,30000000,qt_qhash,1741516800,1.697546
sequential,30000000,spp_sparse_hash_map,562556928,1.926007
sequential,30000000,hopscotch_map,818757632,0.894012
sequential,32000000,stl_unordered_map,1329111040,2.569213
sequential,32000000,boost_unordered_map,1952018432,3.036160
sequential,32000000,google_sparse_hash_map,558379008,4.664042
sequential,32000000,google_dense_hash_map,1087168512,1.054680
sequential,32000000,qt_qhash,1837486080,1.784204
sequential,32000000,spp_sparse_hash_map,595808256,1.991872
sequential,32000000,hopscotch_map,1624064000,1.558321
sequential,34000000,stl_unordered_map,1393180672,2.696841
sequential,34000000,boost_unordered_map,2047987712,3.159149
sequential,34000000,google_sparse_hash_map,591089664,4.768639
sequential,34000000,google_dense_hash_map,2160910336,1.886445
sequential,34000000,qt_qhash,2201890816,2.238603
sequential,34000000,spp_sparse_hash_map,679391232,3.129137
sequential,34000000,hopscotch_map,1624064000,1.582303
sequential,36000000,stl_unordered_map,1457115136,2.821150
sequential,36000000,boost_unordered_map,2143956992,3.306003
sequential,36000000,google_sparse_hash_map,623800320,4.856311
sequential,36000000,google_dense_hash_map,2160910336,1.900052
sequential,36000000,qt_qhash,2297860096,2.327631
sequential,36000000,spp_sparse_hash_map,712642560,3.168206
sequential,36000000,hopscotch_map,1624064000,1.589515
sequential,38000000,stl_unordered_map,1821929472,3.555211
sequential,38000000,boost_unordered_map,2240061440,3.434913
sequential,38000000,google_sparse_hash_map,656375808,4.954534
sequential,38000000,google_dense_hash_map,2160910336,1.915642
sequential,38000000,qt_qhash,2393964544,2.419063
sequential,38000000,spp_sparse_hash_map,745893888,3.259734
sequential,38000000,hopscotch_map,1624064000,1.601468
sequential,40000000,stl_unordered_map,1885863936,3.688695
sequential,40000000,boost_unordered_map,2336030720,3.571708
sequential,40000000,google_sparse_hash_map,689086464,5.058918
sequential,40000000,google_dense_hash_map,2160910336,1.922286
sequential,40000000,qt_qhash,2489933824,2.508975
sequential,40000000,spp_sparse_hash_map,779145216,3.309615
sequential,40000000,hopscotch_map,1624064000,1.617725
sequentialread,2000000,stl_unordered_map,94519296,0.023228
sequentialread,2000000,boost_unordered_map,134586368,0.022587
sequentialread,2000000,google_sparse_hash_map,47423488,0.036781
sequentialread,2000000,google_dense_hash_map,80535552,0.004733
sequentialread,2000000,qt_qhash,145747968,0.011993
sequentialread,2000000,spp_sparse_hash_map,49717248,0.010078
sequentialread,2000000,hopscotch_map,114114560,0.004334
sequentialread,4000000,stl_unordered_map,176140288,0.043069
sequentialread,4000000,boost_unordered_map,255721472,0.045156
sequentialread,4000000,google_sparse_hash_map,81530880,0.073511
sequentialread,4000000,google_dense_hash_map,147644416,0.009345
sequentialread,4000000,qt_qhash,258629632,0.023760
sequentialread,4000000,spp_sparse_hash_map,86114304,0.020180
sequentialread,4000000,hopscotch_map,214777856,0.008540
sequentialread,6000000,stl_unordered_map,276123648,0.064647
sequentialread,6000000,boost_unordered_map,351690752,0.067989
sequentialread,6000000,google_sparse_hash_map,114241536,0.110485
sequentialread,6000000,google_dense_hash_map,281862144,0.014160
sequentialread,6000000,qt_qhash,388153344,0.035825
sequentialread,6000000,spp_sparse_hash_map,125657088,0.030130
sequentialread,6000000,hopscotch_map,214777856,0.012684
sequentialread,8000000,stl_unordered_map,340058112,0.086091
sequentialread,8000000,boost_unordered_map,497991680,0.090324
sequentialread,8000000,google_sparse_hash_map,149614592,0.147073
sequentialread,8000000,google_dense_hash_map,281862144,0.018662
sequentialread,8000000,qt_qhash,484122624,0.047547
sequentialread,8000000,spp_sparse_hash_map,159043584,0.040129
sequentialread,8000000,hopscotch_map,416104448,0.016935
sequentialread,10000000,stl_unordered_map,477057024,0.107627
sequentialread,10000000,boost_unordered_map,593960960,0.113236
sequentialread,10000000,google_sparse_hash_map,182325248,0.184129
sequentialread,10000000,google_dense_hash_map,550297600,0.025363
sequentialread,10000000,qt_qhash,647200768,0.059497
sequentialread,10000000,spp_sparse_hash_map,204877824,0.050267
sequentialread,10000000,hopscotch_map,416104448,0.021109
sequentialread,12000000,stl_unordered_map,540991488,0.129171
sequentialread,12000000,boost_unordered_map,690065408,0.136359
sequentialread,12000000,google_sparse_hash_map,215035904,0.221316
sequentialread,12000000,google_dense_hash_map,550297600,0.030467
sequentialread,12000000,qt_qhash,743305216,0.071261
sequentialread,12000000,spp_sparse_hash_map,238129152,0.060305
sequentialread,12000000,hopscotch_map,416104448,0.025235
sequentialread,14000000,stl_unordered_map,605061120,0.150679
sequentialread,14000000,boost_unordered_map,886697984,0.158776
sequentialread,14000000,google_sparse_hash_map,253202432,0.257346
sequentialread,14000000,google_dense_hash_map,550297600,0.032705
sequentialread,14000000,qt_qhash,839274496,0.083140
sequentialread,14000000,spp_sparse_hash_map,271380480,0.070403
sequentialread,14000000,hopscotch_map,416104448,0.029436
sequentialread,16000000,stl_unordered_map,668995584,0.187605
sequentialread,16000000,boost_unordered_map,982667264,0.181095
sequentialread,16000000,google_sparse_hash_map,285913088,0.294191
sequentialread,16000000,google_dense_hash_map,550297600,0.037301
sequentialread,16000000,qt_qhash,935243776,0.095225
sequentialread,16000000,spp_sparse_hash_map,304631808,0.080504
sequentialread,16000000,hopscotch_map,818757632,0.033500
sequentialread,18000000,stl_unordered_map,881164288,0.194379
sequentialread,18000000,boost_unordered_map,1078636544,0.204244
sequentialread,18000000,google_sparse_hash_map,318623744,0.331099
sequentialread,18000000,google_dense_hash_map,1087168512,0.041994
sequentialread,18000000,qt_qhash,1165430784,0.106463
sequentialread,18000000,spp_sparse_hash_map,363048960,0.090458
sequentialread,18000000,hopscotch_map,818757632,0.037592
sequentialread,20000000,stl_unordered_map,945098752,0.215452
sequentialread,20000000,boost_unordered_map,1174740992,0.226998
sequentialread,20000000,google_sparse_hash_map,351199232,0.367674
sequentialread,20000000,google_dense_hash_map,1087168512,0.046647
sequentialread,20000000,qt_qhash,1261535232,0.118543
sequentialread,20000000,spp_sparse_hash_map,396300288,0.100404
sequentialread,20000000,hopscotch_map,818757632,0.041707
sequentialread,22000000,stl_unordered_map,1009168384,0.236860
sequentialread,22000000,boost_unordered_map,1270710272,0.250625
sequentialread,22000000,google_sparse_hash_map,383909888,0.405212
sequentialread,22000000,google_dense_hash_map,1087168512,0.051254
sequentialread,22000000,qt_qhash,1357504512,0.130484
sequentialread,22000000,spp_sparse_hash_map,429551616,0.110518
sequentialread,22000000,hopscotch_map,818757632,0.045914
sequentialread,24000000,stl_unordered_map,1073102848,0.258468
sequentialread,24000000,boost_unordered_map,1366679552,0.273297
sequentialread,24000000,google_sparse_hash_map,416620544,0.441447
sequentialread,24000000,google_dense_hash_map,1087168512,0.056129
sequentialread,24000000,qt_qhash,1453473792,0.142762
sequentialread,24000000,spp_sparse_hash_map,462802944,0.120918
sequentialread,24000000,hopscotch_map,818757632,0.049969
sequentialread,26000000,stl_unordered_map,1137172480,0.279934
sequentialread,26000000,boost_unordered_map,1663975424,0.295199
sequentialread,26000000,google_sparse_hash_map,449196032,0.478418
sequentialread,26000000,google_dense_hash_map,1087168512,0.060709
sequentialread,26000000,qt_qhash,1549443072,0.154152
sequentialread,26000000,spp_sparse_hash_map,496054272,0.130806
sequentialread,26000000,hopscotch_map,818757632,0.054040
sequentialread,28000000,stl_unordered_map,1201106944,0.301710
sequentialread,28000000,boost_unordered_map,1759944704,0.317582
sequentialread,28000000,google_sparse_hash_map,493092864,0.514838
sequentialread,28000000,google_dense_hash_map,1087168512,0.065437
sequentialread,28000000,qt_qhash,1645412352,0.165616
sequentialread,28000000,spp_sparse_hash_map,529305600,0.140867
sequentialread,28000000,hopscotch_map,818757632,0.058329
sequentialread,30000000,stl_unordered_map,1265176576,0.323165
sequentialread,30000000,boost_unordered_map,1856049152,0.340735
sequentialread,30000000,google_sparse_hash_map,525803520,0.551732
sequentialread,30000000,google_dense_hash_map,1087168512,0.069880
sequentialread,30000000,qt_qhash,1741516800,0.177430
sequentialread,30000000,spp_sparse_hash_map,562556928,0.151188
sequentialread,30000000,hopscotch_map,818757632,0.062366
sequentialread,32000000,stl_unordered_map,1329111040,0.344769
sequentialread,32000000,boost_unordered_map,1952018432,0.363756
sequentialread,32000000,google_sparse_hash_map,558379008,0.602236
sequentialread,32000000,google_dense_hash_map,1087168512,0.074581
sequentialread,32000000,qt_qhash,1837486080,0.189098
sequentialread,32000000,spp_sparse_hash_map,595808256,0.160970
sequentialread,32000000,hopscotch_map,1624064000,0.066713
sequentialread,34000000,stl_unordered_map,1393180672,0.366071
sequentialread,34000000,boost_unordered_map,2047987712,0.386413
sequentialread,34000000,google_sparse_hash_map,591089664,0.625316
sequentialread,34000000,google_dense_hash_map,2160910336,0.079257
sequentialread,34000000,qt_qhash,2201890816,0.200954
sequentialread,34000000,spp_sparse_hash_map,679391232,0.171117
sequentialread,34000000,hopscotch_map,1624064000,0.070837
sequentialread,36000000,stl_unordered_map,1457115136,0.386338
sequentialread,36000000,boost_unordered_map,2143956992,0.409157
sequentialread,36000000,google_sparse_hash_map,623800320,0.662035
sequentialread,36000000,google_dense_hash_map,2160910336,0.084021
sequentialread,36000000,qt_qhash,2297860096,0.212838
sequentialread,36000000,spp_sparse_hash_map,712642560,0.181265
sequentialread,36000000,hopscotch_map,1624064000,0.075549
sequentialread,38000000,stl_unordered_map,1821929472,0.409302
sequentialread,38000000,boost_unordered_map,2240061440,0.432709
sequentialread,38000000,google_sparse_hash_map,656375808,0.698805
sequentialread,38000000,google_dense_hash_map,2160910336,0.088608
sequentialread,38000000,qt_qhash,2393964544,0.224181
sequentialread,38000000,spp_sparse_hash_map,745893888,0.196550
sequentialread,38000000,hopscotch_map,1624064000,0.079241
sequentialread,40000000,stl_unordered_map,1885863936,0.430338
sequentialread,40000000,boost_unordered_map,2336030720,0.455597
sequentialread,40000000,google_sparse_hash_map,689086464,0.735524
sequentialread,40000000,google_dense_hash_map,2160910336,0.093307
sequentialread,40000000,qt_qhash,2489933824,0.236351
sequentialread,40000000,spp_sparse_hash_map,779145216,0.201245
sequentialread,40000000,hopscotch_map,1624064000,0.083258
randomshufflerange,2000000,stl_unordered_map,94519296,0.466874
randomshufflerange,2000000,boost_unordered_map,134586368,0.689749
randomshufflerange,2000000,google_sparse_hash_map,58871808,1.182301
randomshufflerange,2000000,google_dense_hash_map,80535552,0.179596
randomshufflerange,2000000,qt_qhash,145747968,0.429953
randomshufflerange,2000000,spp_sparse_hash_map,59170816,0.593680
randomshufflerange,2000000,hopscotch_map,114114560,0.243006
randomshufflerange,4000000,stl_unordered_map,176140288,1.033203
randomshufflerange,4000000,boost_unordered_map,255721472,1.480869
randomshufflerange,4000000,google_sparse_hash_map,104062976,2.538737
randomshufflerange,4000000,google_dense_hash_map,147644416,0.370263
randomshufflerange,4000000,qt_qhash,258629632,0.942188
randomshufflerange,4000000,spp_sparse_hash_map,105021440,1.325506
randomshufflerange,4000000,hopscotch_map,214777856,0.504606
randomshufflerange,6000000,stl_unordered_map,276123648,1.867289
randomshufflerange,6000000,boost_unordered_map,351690752,1.904927
randomshufflerange,6000000,google_sparse_hash_map,146923520,14.714363
randomshufflerange,6000000,google_dense_hash_map,281862144,0.628146
randomshufflerange,6000000,qt_qhash,388153344,1.729988
randomshufflerange,6000000,spp_sparse_hash_map,154435584,2.246145
randomshufflerange,6000000,hopscotch_map,214777856,0.716077
randomshufflerange,8000000,stl_unordered_map,340058112,2.231056
randomshufflerange,8000000,boost_unordered_map,497991680,3.133243
randomshufflerange,8000000,google_sparse_hash_map,194859008,5.436459
randomshufflerange,8000000,google_dense_hash_map,281862144,0.772182
randomshufflerange,8000000,qt_qhash,484122624,2.025407
randomshufflerange,8000000,spp_sparse_hash_map,196603904,2.839206
randomshufflerange,8000000,hopscotch_map,416104448,1.027091
randomshufflerange,10000000,stl_unordered_map,477057024,3.415240
randomshufflerange,10000000,boost_unordered_map,593960960,3.609934
randomshufflerange,10000000,google_sparse_hash_map,237350912,44.180820
randomshufflerange,10000000,google_dense_hash_map,550297600,1.128827
randomshufflerange,10000000,qt_qhash,647200768,3.331870
randomshufflerange,10000000,spp_sparse_hash_map,252715008,4.193050
randomshufflerange,10000000,hopscotch_map,416104448,1.200111
randomshufflerange,12000000,stl_unordered_map,540991488,3.991727
randomshufflerange,12000000,boost_unordered_map,690065408,4.038902
randomshufflerange,12000000,google_sparse_hash_map,280555520,41.218934
randomshufflerange,12000000,google_dense_hash_map,550297600,1.287639
randomshufflerange,12000000,qt_qhash,743305216,3.629957
randomshufflerange,12000000,spp_sparse_hash_map,295424000,4.787328
randomshufflerange,12000000,hopscotch_map,416104448,1.374329
randomshufflerange,14000000,stl_unordered_map,605061120,4.415184
randomshufflerange,14000000,boost_unordered_map,886697984,5.794171
randomshufflerange,14000000,google_sparse_hash_map,325664768,11.526875
randomshufflerange,14000000,google_dense_hash_map,550297600,1.419069
randomshufflerange,14000000,qt_qhash,839274496,3.961317
randomshufflerange,14000000,spp_sparse_hash_map,337059840,5.472008
randomshufflerange,14000000,hopscotch_map,416104448,1.568535
randomshufflerange,16000000,stl_unordered_map,668995584,4.767650
randomshufflerange,16000000,boost_unordered_map,982667264,6.512391
randomshufflerange,16000000,google_sparse_hash_map,376487936,11.943712
randomshufflerange,16000000,google_dense_hash_map,550297600,1.561829
randomshufflerange,16000000,qt_qhash,935243776,4.216260
randomshufflerange,16000000,spp_sparse_hash_map,379772928,5.992709
randomshufflerange,16000000,hopscotch_map,818757632,2.153297
randomshufflerange,18000000,stl_unordered_map,881164288,7.028480
randomshufflerange,18000000,boost_unordered_map,1078636544,7.066072
randomshufflerange,18000000,google_sparse_hash_map,419422208,65.067947
randomshufflerange,18000000,google_dense_hash_map,1087168512,2.134951
randomshufflerange,18000000,qt_qhash,1165430784,6.532215
randomshufflerange,18000000,spp_sparse_hash_map,439947264,8.440813
randomshufflerange,18000000,hopscotch_map,818757632,2.154653
randomshufflerange,20000000,stl_unordered_map,945098752,7.236929
randomshufflerange,20000000,boost_unordered_map,1174740992,7.530344
randomshufflerange,20000000,google_sparse_hash_map,461238272,123.014931
randomshufflerange,20000000,google_dense_hash_map,1087168512,2.307152
randomshufflerange,20000000,qt_qhash,1261535232,6.941785
randomshufflerange,20000000,spp_sparse_hash_map,491982848,9.137916
randomshufflerange,20000000,hopscotch_map,818757632,2.441372
randomshufflerange,22000000,stl_unordered_map,1009168384,7.858931
randomshufflerange,22000000,boost_unordered_map,1270710272,7.960129
randomshufflerange,22000000,google_sparse_hash_map,503902208,156.379817
randomshufflerange,22000000,google_dense_hash_map,1087168512,2.476725
randomshufflerange,22000000,qt_qhash,1357504512,7.297768
randomshufflerange,22000000,spp_sparse_hash_map,535785472,9.678915
randomshufflerange,22000000,hopscotch_map,818757632,2.641624
randomshufflerange,24000000,stl_unordered_map,1073102848,8.396380
randomshufflerange,24000000,boost_unordered_map,1366679552,8.334532
randomshufflerange,24000000,google_sparse_hash_map,547426304,131.905054
randomshufflerange,24000000,google_dense_hash_map,1087168512,2.584209
randomshufflerange,24000000,qt_qhash,1453473792,7.625897
randomshufflerange,24000000,spp_sparse_hash_map,577138688,9.995532
randomshufflerange,24000000,hopscotch_map,818757632,2.844281
randomshufflerange,26000000,stl_unordered_map,1137172480,8.856949
randomshufflerange,26000000,boost_unordered_map,1663975424,11.127085
randomshufflerange,26000000,google_sparse_hash_map,591212544,62.319336
randomshufflerange,26000000,google_dense_hash_map,1087168512,2.730320
randomshufflerange,26000000,qt_qhash,1549443072,7.976902
randomshufflerange,26000000,spp_sparse_hash_map,618774528,11.086756
randomshufflerange,26000000,hopscotch_map,818757632,2.964271
randomshufflerange,28000000,stl_unordered_map,1201106944,9.274465
randomshufflerange,28000000,boost_unordered_map,1759944704,12.301913
randomshufflerange,28000000,google_sparse_hash_map,636866560,24.498383
randomshufflerange,28000000,google_dense_hash_map,1087168512,2.868899
randomshufflerange,28000000,qt_qhash,1645412352,8.352449
randomshufflerange,28000000,spp_sparse_hash_map,660946944,11.267384
randomshufflerange,28000000,hopscotch_map,818757632,3.215685
randomshufflerange,30000000,stl_unordered_map,1265176576,9.577831
randomshufflerange,30000000,boost_unordered_map,1856049152,13.205914
randomshufflerange,30000000,google_sparse_hash_map,692207616,24.667696
randomshufflerange,30000000,google_dense_hash_map,1087168512,2.998679
randomshufflerange,30000000,qt_qhash,1741516800,8.674972
randomshufflerange,30000000,spp_sparse_hash_map,703664128,11.849470
randomshufflerange,30000000,hopscotch_map,818757632,3.526828
randomshufflerange,32000000,stl_unordered_map,1329111040,9.922614
randomshufflerange,32000000,boost_unordered_map,1952018432,13.877937
randomshufflerange,32000000,google_sparse_hash_map,739196928,25.520277
randomshufflerange,32000000,google_dense_hash_map,1087168512,3.128184
randomshufflerange,32000000,qt_qhash,1837486080,8.951143
randomshufflerange,32000000,spp_sparse_hash_map,746106880,12.653877
randomshufflerange,32000000,hopscotch_map,1624064000,4.367590
randomshufflerange,34000000,stl_unordered_map,1393180672,10.219800
randomshufflerange,34000000,boost_unordered_map,2047987712,14.381738
randomshufflerange,34000000,google_sparse_hash_map,782045184,43.859341
randomshufflerange,34000000,google_dense_hash_map,2160910336,4.117266
randomshufflerange,34000000,qt_qhash,2201890816,13.764534
randomshufflerange,34000000,spp_sparse_hash_map,823328768,17.192462
randomshufflerange,34000000,hopscotch_map,1624064000,4.214966
randomshufflerange,36000000,stl_unordered_map,1457115136,10.530743
randomshufflerange,36000000,boost_unordered_map,2143956992,15.022649
randomshufflerange,36000000,google_sparse_hash_map,824487936,187.229394
randomshufflerange,36000000,google_dense_hash_map,2160910336,4.333546
randomshufflerange,36000000,qt_qhash,2297860096,14.401397
randomshufflerange,36000000,spp_sparse_hash_map,865644544,17.814230
randomshufflerange,36000000,hopscotch_map,1624064000,4.570575
randomshufflerange,38000000,stl_unordered_map,1821929472,14.091732
randomshufflerange,38000000,boost_unordered_map,2240061440,15.727752
randomshufflerange,38000000,google_sparse_hash_map,867328000,328.305407
randomshufflerange,38000000,google_dense_hash_map,2160910336,4.517592
randomshufflerange,38000000,qt_qhash,2393964544,14.722094
randomshufflerange,38000000,spp_sparse_hash_map,922816512,18.922065
randomshufflerange,38000000,hopscotch_map,1624064000,4.823067
randomshufflerange,40000000,stl_unordered_map,1885863936,15.120630
randomshufflerange,40000000,boost_unordered_map,2336030720,15.917380
randomshufflerange,40000000,google_sparse_hash_map,908967936,417.848289
randomshufflerange,40000000,google_dense_hash_map,2160910336,4.622006
randomshufflerange,40000000,qt_qhash,2489933824,15.215727
randomshufflerange,40000000,spp_sparse_hash_map,970526720,19.313864
randomshufflerange,40000000,hopscotch_map,1624064000,5.211392
randomshufflerangeread,2000000,stl_unordered_map,94519296,0.134697
randomshufflerangeread,2000000,boost_unordered_map,134586368,0.174802
randomshufflerangeread,2000000,google_sparse_hash_map,58871808,0.139150
randomshufflerangeread,2000000,google_dense_hash_map,80535552,0.042843
randomshufflerangeread,2000000,qt_qhash,145747968,0.111780
randomshufflerangeread,2000000,spp_sparse_hash_map,59170816,0.068348
randomshufflerangeread,2000000,hopscotch_map,114114560,0.047996
randomshufflerangeread,4000000,stl_unordered_map,176140288,0.281371
randomshufflerangeread,4000000,boost_unordered_map,255721472,0.369830
randomshufflerangeread,4000000,google_sparse_hash_map,104062976,0.303182
randomshufflerangeread,4000000,google_dense_hash_map,147644416,0.089357
randomshufflerangeread,4000000,qt_qhash,258629632,0.236272
randomshufflerangeread,4000000,spp_sparse_hash_map,105021440,0.167778
randomshufflerangeread,4000000,hopscotch_map,214777856,0.099239
randomshufflerangeread,6000000,stl_unordered_map,276123648,0.436867
randomshufflerangeread,6000000,boost_unordered_map,351690752,0.538141
randomshufflerangeread,6000000,google_sparse_hash_map,146923520,0.491810
randomshufflerangeread,6000000,google_dense_hash_map,281862144,0.137359
randomshufflerangeread,6000000,qt_qhash,388153344,0.349135
randomshufflerangeread,6000000,spp_sparse_hash_map,154435584,0.280570
randomshufflerangeread,6000000,hopscotch_map,214777856,0.152374
randomshufflerangeread,8000000,stl_unordered_map,340058112,0.573743
randomshufflerangeread,8000000,boost_unordered_map,497991680,0.759506
randomshufflerangeread,8000000,google_sparse_hash_map,194859008,0.671256
randomshufflerangeread,8000000,google_dense_hash_map,281862144,0.185564
randomshufflerangeread,8000000,qt_qhash,484122624,0.472816
randomshufflerangeread,8000000,spp_sparse_hash_map,196603904,0.407787
randomshufflerangeread,8000000,hopscotch_map,416104448,0.205375
randomshufflerangeread,10000000,stl_unordered_map,477057024,0.733950
randomshufflerangeread,10000000,boost_unordered_map,593960960,0.941970
randomshufflerangeread,10000000,google_sparse_hash_map,237350912,0.909050
randomshufflerangeread,10000000,google_dense_hash_map,550297600,0.234002
randomshufflerangeread,10000000,qt_qhash,647200768,0.594879
randomshufflerangeread,10000000,spp_sparse_hash_map,252715008,0.518350
randomshufflerangeread,10000000,hopscotch_map,416104448,0.278745
randomshufflerangeread,12000000,stl_unordered_map,540991488,0.894463
randomshufflerangeread,12000000,boost_unordered_map,690065408,1.118455
randomshufflerangeread,12000000,google_sparse_hash_map,280555520,1.138063
randomshufflerangeread,12000000,google_dense_hash_map,550297600,0.297555
randomshufflerangeread,12000000,qt_qhash,743305216,0.740669
randomshufflerangeread,12000000,spp_sparse_hash_map,295424000,0.624544
randomshufflerangeread,12000000,hopscotch_map,416104448,0.310445
randomshufflerangeread,14000000,stl_unordered_map,605061120,1.037598
randomshufflerangeread,14000000,boost_unordered_map,886697984,1.344699
randomshufflerangeread,14000000,google_sparse_hash_map,325664768,1.487211
randomshufflerangeread,14000000,google_dense_hash_map,550297600,0.329258
randomshufflerangeread,14000000,qt_qhash,839274496,0.887373
randomshufflerangeread,14000000,spp_sparse_hash_map,337059840,0.738689
randomshufflerangeread,14000000,hopscotch_map,416104448,0.364759
randomshufflerangeread,16000000,stl_unordered_map,668995584,1.180163
randomshufflerangeread,16000000,boost_unordered_map,982667264,1.565728
randomshufflerangeread,16000000,google_sparse_hash_map,376487936,1.755318
randomshufflerangeread,16000000,google_dense_hash_map,550297600,0.377560
randomshufflerangeread,16000000,qt_qhash,935243776,1.037099
randomshufflerangeread,16000000,spp_sparse_hash_map,379772928,0.856116
randomshufflerangeread,16000000,hopscotch_map,818757632,0.437389
randomshufflerangeread,18000000,stl_unordered_map,881164288,1.334977
randomshufflerangeread,18000000,boost_unordered_map,1078636544,1.799918
randomshufflerangeread,18000000,google_sparse_hash_map,419422208,1.865429
randomshufflerangeread,18000000,google_dense_hash_map,1087168512,0.449740
randomshufflerangeread,18000000,qt_qhash,1165430784,1.197884
randomshufflerangeread,18000000,spp_sparse_hash_map,439947264,1.115354
randomshufflerangeread,18000000,hopscotch_map,818757632,0.474506
randomshufflerangeread,20000000,stl_unordered_map,945098752,1.525797
randomshufflerangeread,20000000,boost_unordered_map,1174740992,2.015887
randomshufflerangeread,20000000,google_sparse_hash_map,461238272,2.157756
randomshufflerangeread,20000000,google_dense_hash_map,1087168512,0.479484
randomshufflerangeread,20000000,qt_qhash,1261535232,1.361026
randomshufflerangeread,20000000,spp_sparse_hash_map,491982848,1.257249
randomshufflerangeread,20000000,hopscotch_map,818757632,0.528645
randomshufflerangeread,22000000,stl_unordered_map,1009168384,1.697433
randomshufflerangeread,22000000,boost_unordered_map,1270710272,2.253903
randomshufflerangeread,22000000,google_sparse_hash_map,503902208,2.614213
randomshufflerangeread,22000000,google_dense_hash_map,1087168512,0.537569
randomshufflerangeread,22000000,qt_qhash,1357504512,1.532291
randomshufflerangeread,22000000,spp_sparse_hash_map,535785472,1.226911
randomshufflerangeread,22000000,hopscotch_map,818757632,0.599603
randomshufflerangeread,24000000,stl_unordered_map,1073102848,1.897823
randomshufflerangeread,24000000,boost_unordered_map,1366679552,2.479931
randomshufflerangeread,24000000,google_sparse_hash_map,547426304,2.660029
randomshufflerangeread,24000000,google_dense_hash_map,1087168512,0.616069
randomshufflerangeread,24000000,qt_qhash,1453473792,1.700720
randomshufflerangeread,24000000,spp_sparse_hash_map,577138688,1.372135
randomshufflerangeread,24000000,hopscotch_map,818757632,0.667114
randomshufflerangeread,26000000,stl_unordered_map,1137172480,2.075234
randomshufflerangeread,26000000,boost_unordered_map,1663975424,2.755883
randomshufflerangeread,26000000,google_sparse_hash_map,591212544,3.196221
randomshufflerangeread,26000000,google_dense_hash_map,1087168512,0.625465
randomshufflerangeread,26000000,qt_qhash,1549443072,1.876260
randomshufflerangeread,26000000,spp_sparse_hash_map,618774528,1.481457
randomshufflerangeread,26000000,hopscotch_map,818757632,0.704532
randomshufflerangeread,28000000,stl_unordered_map,1201106944,2.288651
randomshufflerangeread,28000000,boost_unordered_map,1759944704,3.080532
randomshufflerangeread,28000000,google_sparse_hash_map,636866560,3.174912
randomshufflerangeread,28000000,google_dense_hash_map,1087168512,0.674005
randomshufflerangeread,28000000,qt_qhash,1645412352,2.198106
randomshufflerangeread,28000000,spp_sparse_hash_map,660946944,1.873078
randomshufflerangeread,28000000,hopscotch_map,818757632,0.791045
randomshufflerangeread,30000000,stl_unordered_map,1265176576,2.463734
randomshufflerangeread,30000000,boost_unordered_map,1856049152,3.352575
randomshufflerangeread,30000000,google_sparse_hash_map,692207616,3.462326
randomshufflerangeread,30000000,google_dense_hash_map,1087168512,0.742974
randomshufflerangeread,30000000,qt_qhash,1741516800,2.375222
randomshufflerangeread,30000000,spp_sparse_hash_map,703664128,1.755205
randomshufflerangeread,30000000,hopscotch_map,818757632,0.896270
randomshufflerangeread,32000000,stl_unordered_map,1329111040,2.628829
randomshufflerangeread,32000000,boost_unordered_map,1952018432,3.675753
randomshufflerangeread,32000000,google_sparse_hash_map,739196928,4.106310
randomshufflerangeread,32000000,google_dense_hash_map,1087168512,0.793955
randomshufflerangeread,32000000,qt_qhash,1837486080,2.444369
randomshufflerangeread,32000000,spp_sparse_hash_map,746106880,1.908357
randomshufflerangeread,32000000,hopscotch_map,1624064000,0.932874
randomshufflerangeread,34000000,stl_unordered_map,1393180672,2.820876
randomshufflerangeread,34000000,boost_unordered_map,2047987712,3.924194
randomshufflerangeread,34000000,google_sparse_hash_map,782045184,4.346138
randomshufflerangeread,34000000,google_dense_hash_map,2160910336,0.840349
randomshufflerangeread,34000000,qt_qhash,2201890816,2.562365
randomshufflerangeread,34000000,spp_sparse_hash_map,823328768,2.041240
randomshufflerangeread,34000000,hopscotch_map,1624064000,1.013759
randomshufflerangeread,36000000,stl_unordered_map,1457115136,2.998038
randomshufflerangeread,36000000,boost_unordered_map,2143956992,4.196244
randomshufflerangeread,36000000,google_sparse_hash_map,824487936,4.360339
randomshufflerangeread,36000000,google_dense_hash_map,2160910336,0.916249
randomshufflerangeread,36000000,qt_qhash,2297860096,2.743093
randomshufflerangeread,36000000,spp_sparse_hash_map,865644544,2.171928
randomshufflerangeread,36000000,hopscotch_map,1624064000,1.106591
randomshufflerangeread,38000000,stl_unordered_map,1821929472,3.294215
randomshufflerangeread,38000000,boost_unordered_map,2240061440,4.449546
randomshufflerangeread,38000000,google_sparse_hash_map,867328000,4.954746
randomshufflerangeread,38000000,google_dense_hash_map,2160910336,0.942395
randomshufflerangeread,38000000,qt_qhash,2393964544,2.900121
randomshufflerangeread,38000000,spp_sparse_hash_map,922816512,2.337382
randomshufflerangeread,38000000,hopscotch_map,1624064000,1.179660
randomshufflerangeread,40000000,stl_unordered_map,1885863936,3.534907
randomshufflerangeread,40000000,boost_unordered_map,2336030720,4.717441
randomshufflerangeread,40000000,google_sparse_hash_map,908967936,5.282308
randomshufflerangeread,40000000,google_dense_hash_map,2160910336,0.995738
randomshufflerangeread,40000000,qt_qhash,2489933824,3.083689
randomshufflerangeread,40000000,spp_sparse_hash_map,970526720,2.574530
randomshufflerangeread,40000000,hopscotch_map,1624064000,1.266547
randomfull,2000000,stl_unordered_map,94519296,0.685321
randomfull,2000000,boost_unordered_map,134586368,0.946060
randomfull,2000000,google_sparse_hash_map,50221056,1.087993
randomfull,2000000,google_dense_hash_map,80535552,0.212953
randomfull,2000000,qt_qhash,145747968,0.574945
randomfull,2000000,spp_sparse_hash_map,54706176,0.570152
randomfull,2000000,hopscotch_map,114114560,0.309390
randomfull,4000000,stl_unordered_map,176140288,1.495377
randomfull,4000000,boost_unordered_map,255721472,2.011363
randomfull,4000000,google_sparse_hash_map,87031808,2.391781
randomfull,4000000,google_dense_hash_map,147644416,0.424808
randomfull,4000000,qt_qhash,258629632,1.225658
randomfull,4000000,spp_sparse_hash_map,96239616,1.252635
randomfull,4000000,hopscotch_map,214777856,0.660711
randomfull,6000000,stl_unordered_map,276123648,2.530624
randomfull,6000000,boost_unordered_map,351690752,2.673096
randomfull,6000000,google_sparse_hash_map,120147968,3.393838
randomfull,6000000,google_dense_hash_map,281862144,0.716887
randomfull,6000000,qt_qhash,388153344,2.112018
randomfull,6000000,spp_sparse_hash_map,146731008,2.075191
randomfull,6000000,hopscotch_map,214777856,0.853784
randomfull,8000000,stl_unordered_map,340058112,3.172066
randomfull,8000000,boost_unordered_map,497991680,4.190820
randomfull,8000000,google_sparse_hash_map,160522240,5.160358
randomfull,8000000,google_dense_hash_map,281862144,0.869940
randomfull,8000000,qt_qhash,484122624,2.560483
randomfull,8000000,spp_sparse_hash_map,178900992,2.667058
randomfull,8000000,hopscotch_map,416104448,1.363282
randomfull,10000000,stl_unordered_map,477057024,4.761405
randomfull,10000000,boost_unordered_map,593960960,4.822452
randomfull,10000000,google_sparse_hash_map,192421888,6.127299
randomfull,10000000,google_dense_hash_map,550297600,1.312903
randomfull,10000000,qt_qhash,647200768,3.992491
randomfull,10000000,spp_sparse_hash_map,251092992,3.797681
randomfull,10000000,hopscotch_map,416104448,1.571543
randomfull,12000000,stl_unordered_map,540991488,5.309552
randomfull,12000000,boost_unordered_map,690065408,5.545085
randomfull,12000000,google_sparse_hash_map,226754560,7.132344
randomfull,12000000,google_dense_hash_map,550297600,1.463319
randomfull,12000000,qt_qhash,743305216,4.389247
randomfull,12000000,spp_sparse_hash_map,280154112,4.376874
randomfull,12000000,hopscotch_map,416104448,1.764653
randomfull,14000000,stl_unordered_map,605061120,5.940562
randomfull,14000000,boost_unordered_map,886697984,8.122833
randomfull,14000000,google_sparse_hash_map,272220160,10.077473
randomfull,14000000,google_dense_hash_map,550297600,1.613624
randomfull,14000000,qt_qhash,839274496,4.893481
randomfull,14000000,spp_sparse_hash_map,311107584,4.955892
randomfull,14000000,hopscotch_map,416104448,2.078099
randomfull,16000000,stl_unordered_map,668995584,6.629674
randomfull,16000000,boost_unordered_map,982667264,8.767242
randomfull,16000000,google_sparse_hash_map,307769344,11.031523
randomfull,16000000,google_dense_hash_map,550297600,1.777737
randomfull,16000000,qt_qhash,935243776,5.366603
randomfull,16000000,spp_sparse_hash_map,344358912,5.960008
randomfull,16000000,hopscotch_map,818757632,2.851304
randomfull,18000000,stl_unordered_map,881164288,9.401271
randomfull,18000000,boost_unordered_map,1078636544,9.442563
randomfull,18000000,google_sparse_hash_map,339804160,11.992303
randomfull,18000000,google_dense_hash_map,1087168512,2.526601
randomfull,18000000,qt_qhash,1165430784,8.114714
randomfull,18000000,spp_sparse_hash_map,453734400,7.352020
randomfull,18000000,hopscotch_map,818757632,3.027474
randomfull,20000000,stl_unordered_map,945098752,9.964851
randomfull,20000000,boost_unordered_map,1174740992,10.164906
randomfull,20000000,google_sparse_hash_map,371703808,12.982286
randomfull,20000000,google_dense_hash_map,1087168512,2.680905
randomfull,20000000,qt_qhash,1261535232,8.522961
randomfull,20000000,spp_sparse_hash_map,488742912,8.066355
randomfull,20000000,hopscotch_map,818757632,3.259628
randomfull,22000000,stl_unordered_map,1009168384,10.602180
randomfull,22000000,boost_unordered_map,1270710272,10.850664
randomfull,22000000,google_sparse_hash_map,405901312,14.367564
randomfull,22000000,google_dense_hash_map,1087168512,2.819352
randomfull,22000000,qt_qhash,1357504512,9.036728
randomfull,22000000,spp_sparse_hash_map,518479872,8.549042
randomfull,22000000,hopscotch_map,818757632,3.496216
randomfull,24000000,stl_unordered_map,1073102848,11.169921
randomfull,24000000,boost_unordered_map,1366679552,11.768454
randomfull,24000000,google_sparse_hash_map,439963648,15.225823
randomfull,24000000,google_dense_hash_map,1087168512,2.989288
randomfull,24000000,qt_qhash,1453473792,9.445412
randomfull,24000000,spp_sparse_hash_map,546729984,9.203158
randomfull,24000000,hopscotch_map,818757632,3.716474
randomfull,26000000,stl_unordered_map,1137172480,11.915954
randomfull,26000000,boost_unordered_map,1663975424,16.715443
randomfull,26000000,google_sparse_hash_map,474296320,16.753649
randomfull,26000000,google_dense_hash_map,1087168512,3.155697
randomfull,26000000,qt_qhash,1549443072,10.020706
randomfull,26000000,spp_sparse_hash_map,576466944,9.805500
randomfull,26000000,hopscotch_map,818757632,4.076982
randomfull,28000000,stl_unordered_map,1201106944,12.467985
randomfull,28000000,boost_unordered_map,1759944704,17.533902
randomfull,28000000,google_sparse_hash_map,531034112,21.604489
randomfull,28000000,google_dense_hash_map,1087168512,3.332225
randomfull,28000000,qt_qhash,1645412352,10.595704
randomfull,28000000,spp_sparse_hash_map,608907264,10.501698
randomfull,28000000,hopscotch_map,818757632,4.450881
randomfull,30000000,stl_unordered_map,1265176576,13.284160
randomfull,30000000,boost_unordered_map,1856049152,18.100797
randomfull,30000000,google_sparse_hash_map,566988800,22.729492
randomfull,30000000,google_dense_hash_map,1087168512,3.497443
randomfull,30000000,qt_qhash,1741516800,11.004842
randomfull,30000000,spp_sparse_hash_map,641617920,11.317609
randomfull,30000000,hopscotch_map,818757632,4.941750
randomfull,32000000,stl_unordered_map,1329111040,14.309544
randomfull,32000000,boost_unordered_map,1952018432,18.783495
randomfull,32000000,google_sparse_hash_map,602132480,23.807523
randomfull,32000000,google_dense_hash_map,1087168512,3.677835
randomfull,32000000,qt_qhash,1837486080,11.656621
randomfull,32000000,spp_sparse_hash_map,675545088,11.803952
randomfull,32000000,hopscotch_map,1624064000,6.029483
randomfull,34000000,stl_unordered_map,1393180672,14.844364
randomfull,34000000,boost_unordered_map,2047987712,19.673204
randomfull,34000000,google_sparse_hash_map,634843136,24.799256
randomfull,34000000,google_dense_hash_map,2160910336,5.027441
randomfull,34000000,qt_qhash,2201890816,17.551426
randomfull,34000000,spp_sparse_hash_map,854016000,15.086421
randomfull,34000000,hopscotch_map,1624064000,6.205753
randomfull,36000000,stl_unordered_map,1457115136,15.569709
randomfull,36000000,boost_unordered_map,2143956992,20.321769
randomfull,36000000,google_sparse_hash_map,666066944,25.783080
randomfull,36000000,google_dense_hash_map,2160910336,5.212441
randomfull,36000000,qt_qhash,2297860096,18.327882
randomfull,36000000,spp_sparse_hash_map,893890560,15.572940
randomfull,36000000,hopscotch_map,1624064000,6.516311
randomfull,38000000,stl_unordered_map,1821929472,21.158697
randomfull,38000000,boost_unordered_map,2240061440,21.286199
randomfull,38000000,google_sparse_hash_map,697425920,26.980136
randomfull,38000000,google_dense_hash_map,2160910336,5.418964
randomfull,38000000,qt_qhash,2393964544,18.453880
randomfull,38000000,spp_sparse_hash_map,930385920,16.411080
randomfull,38000000,hopscotch_map,1624064000,6.736563
randomfull,40000000,stl_unordered_map,1885863936,21.809911
randomfull,40000000,boost_unordered_map,2336030720,22.023826
randomfull,40000000,google_sparse_hash_map,729731072,28.000760
randomfull,40000000,google_dense_hash_map,2160910336,5.556214
randomfull,40000000,qt_qhash,2489933824,19.122931
randomfull,40000000,spp_sparse_hash_map,964042752,17.044616
randomfull,40000000,hopscotch_map,1624064000,6.944365
randomfullread,2000000,stl_unordered_map,94519296,0.216165
randomfullread,2000000,boost_unordered_map,134586368,0.228049
randomfullread,2000000,google_sparse_hash_map,50221056,0.175904
randomfullread,2000000,google_dense_hash_map,80535552,0.062216
randomfullread,2000000,qt_qhash,145747968,0.168677
randomfullread,2000000,spp_sparse_hash_map,54706176,0.105520
randomfullread,2000000,hopscotch_map,114114560,0.062797
randomfullread,4000000,stl_unordered_map,176140288,0.439423
randomfullread,4000000,boost_unordered_map,255721472,0.467378
randomfullread,4000000,google_sparse_hash_map,87031808,0.392907
randomfullread,4000000,google_dense_hash_map,147644416,0.132116
randomfullread,4000000,qt_qhash,258629632,0.349098
randomfullread,4000000,spp_sparse_hash_map,96239616,0.237833
randomfullread,4000000,hopscotch_map,214777856,0.128285
randomfullread,6000000,stl_unordered_map,276123648,0.611900
randomfullread,6000000,boost_unordered_map,351690752,0.769737
randomfullread,6000000,google_sparse_hash_map,120147968,0.720133
randomfullread,6000000,google_dense_hash_map,281862144,0.184135
randomfullread,6000000,qt_qhash,388153344,0.468496
randomfullread,6000000,spp_sparse_hash_map,146731008,0.360544
randomfullread,6000000,hopscotch_map,214777856,0.231902
randomfullread,8000000,stl_unordered_map,340058112,0.891743
randomfullread,8000000,boost_unordered_map,497991680,0.974160
randomfullread,8000000,google_sparse_hash_map,160522240,0.921770
randomfullread,8000000,google_dense_hash_map,281862144,0.269584
randomfullread,8000000,qt_qhash,484122624,0.689997
randomfullread,8000000,spp_sparse_hash_map,178900992,0.519385
randomfullread,8000000,hopscotch_map,416104448,0.263485
randomfullread,10000000,stl_unordered_map,477057024,1.053827
randomfullread,10000000,boost_unordered_map,593960960,1.262038
randomfullread,10000000,google_sparse_hash_map,192421888,1.263031
randomfullread,10000000,google_dense_hash_map,550297600,0.303381
randomfullread,10000000,qt_qhash,647200768,0.774759
randomfullread,10000000,spp_sparse_hash_map,251092992,0.638168
randomfullread,10000000,hopscotch_map,416104448,0.363887
randomfullread,12000000,stl_unordered_map,540991488,1.240580
randomfullread,12000000,boost_unordered_map,690065408,1.580040
randomfullread,12000000,google_sparse_hash_map,226754560,1.709692
randomfullread,12000000,google_dense_hash_map,550297600,0.366066
randomfullread,12000000,qt_qhash,743305216,0.990184
randomfullread,12000000,spp_sparse_hash_map,280154112,0.740383
randomfullread,12000000,hopscotch_map,416104448,0.472793
randomfullread,14000000,stl_unordered_map,605061120,1.513453
randomfullread,14000000,boost_unordered_map,886697984,1.720820
randomfullread,14000000,google_sparse_hash_map,272220160,1.682335
randomfullread,14000000,google_dense_hash_map,550297600,0.450892
randomfullread,14000000,qt_qhash,839274496,1.218254
randomfullread,14000000,spp_sparse_hash_map,311107584,0.894570
randomfullread,14000000,hopscotch_map,416104448,0.603730
randomfullread,16000000,stl_unordered_map,668995584,1.816507
randomfullread,16000000,boost_unordered_map,982667264,2.038726
randomfullread,16000000,google_sparse_hash_map,307769344,1.953651
randomfullread,16000000,google_dense_hash_map,550297600,0.546724
randomfullread,16000000,qt_qhash,935243776,1.462028
randomfullread,16000000,spp_sparse_hash_map,344358912,1.053245
randomfullread,16000000,hopscotch_map,818757632,0.585506
randomfullread,18000000,stl_unordered_map,881164288,1.835256
randomfullread,18000000,boost_unordered_map,1078636544,2.382639
randomfullread,18000000,google_sparse_hash_map,339804160,2.449371
randomfullread,18000000,google_dense_hash_map,1087168512,0.591500
randomfullread,18000000,qt_qhash,1165430784,1.608672
randomfullread,18000000,spp_sparse_hash_map,453734400,1.104131
randomfullread,18000000,hopscotch_map,818757632,0.662281
randomfullread,20000000,stl_unordered_map,945098752,2.114231
randomfullread,20000000,boost_unordered_map,1174740992,2.785093
randomfullread,20000000,google_sparse_hash_map,371703808,2.860442
randomfullread,20000000,google_dense_hash_map,1087168512,0.669258
randomfullread,20000000,qt_qhash,1261535232,1.785214
randomfullread,20000000,spp_sparse_hash_map,488742912,1.250379
randomfullread,20000000,hopscotch_map,818757632,0.776905
randomfullread,22000000,stl_unordered_map,1009168384,2.382051
randomfullread,22000000,boost_unordered_map,1270710272,3.177125
randomfullread,22000000,google_sparse_hash_map,405901312,3.048484
randomfullread,22000000,google_dense_hash_map,1087168512,0.749381
randomfullread,22000000,qt_qhash,1357504512,2.024653
randomfullread,22000000,spp_sparse_hash_map,518479872,1.388796
randomfullread,22000000,hopscotch_map,818757632,0.882112
randomfullread,24000000,stl_unordered_map,1073102848,2.680003
randomfullread,24000000,boost_unordered_map,1366679552,3.618564
randomfullread,24000000,google_sparse_hash_map,439963648,3.842264
randomfullread,24000000,google_dense_hash_map,1087168512,0.843621
randomfullread,24000000,qt_qhash,1453473792,2.394507
randomfullread,24000000,spp_sparse_hash_map,546729984,1.761122
randomfullread,24000000,hopscotch_map,818757632,1.017006
randomfullread,26000000,stl_unordered_map,1137172480,3.009272
randomfullread,26000000,boost_unordered_map,1663975424,4.196333
randomfullread,26000000,google_sparse_hash_map,474296320,4.463656
randomfullread,26000000,google_dense_hash_map,1087168512,0.920422
randomfullread,26000000,qt_qhash,1549443072,2.578430
randomfullread,26000000,spp_sparse_hash_map,576466944,1.700081
randomfullread,26000000,hopscotch_map,818757632,1.151231
randomfullread,28000000,stl_unordered_map,1201106944,3.331719
randomfullread,28000000,boost_unordered_map,1759944704,4.162005
randomfullread,28000000,google_sparse_hash_map,531034112,3.554665
randomfullread,28000000,google_dense_hash_map,1087168512,1.010917
randomfullread,28000000,qt_qhash,1645412352,2.845697
randomfullread,28000000,spp_sparse_hash_map,608907264,2.014543
randomfullread,28000000,hopscotch_map,818757632,1.299746
randomfullread,30000000,stl_unordered_map,1265176576,3.738326
randomfullread,30000000,boost_unordered_map,1856049152,4.580175
randomfullread,30000000,google_sparse_hash_map,566988800,3.876188
randomfullread,30000000,google_dense_hash_map,1087168512,1.273434
randomfullread,30000000,qt_qhash,1741516800,3.166196
randomfullread,30000000,spp_sparse_hash_map,641617920,2.071836
randomfullread,30000000,hopscotch_map,818757632,1.558225
randomfullread,32000000,stl_unordered_map,1329111040,4.137598
randomfullread,32000000,boost_unordered_map,1952018432,4.945072
randomfullread,32000000,google_sparse_hash_map,602132480,4.200834
randomfullread,32000000,google_dense_hash_map,1087168512,1.251299
randomfullread,32000000,qt_qhash,1837486080,3.440906
randomfullread,32000000,spp_sparse_hash_map,675545088,2.252361
randomfullread,32000000,hopscotch_map,1624064000,1.386286
randomfullread,34000000,stl_unordered_map,1393180672,4.537692
randomfullread,34000000,boost_unordered_map,2047987712,5.329614
randomfullread,34000000,google_sparse_hash_map,634843136,4.579276
randomfullread,34000000,google_dense_hash_map,2160910336,1.356022
randomfullread,34000000,qt_qhash,2201890816,3.438111
randomfullread,34000000,spp_sparse_hash_map,854016000,2.272204
randomfullread,34000000,hopscotch_map,1624064000,1.563166
randomfullread,36000000,stl_unordered_map,1457115136,4.952058
randomfullread,36000000,boost_unordered_map,2143956992,5.730646
randomfullread,36000000,google_sparse_hash_map,666066944,5.252754
randomfullread,36000000,google_dense_hash_map,2160910336,1.534595
randomfullread,36000000,qt_qhash,2297860096,3.822111
randomfullread,36000000,spp_sparse_hash_map,893890560,2.412353
randomfullread,36000000,hopscotch_map,1624064000,1.742826
randomfullread,38000000,stl_unordered_map,1821929472,4.843698
randomfullread,38000000,boost_unordered_map,2240061440,6.223307
randomfullread,38000000,google_sparse_hash_map,697425920,5.353146
randomfullread,38000000,google_dense_hash_map,2160910336,1.543123
randomfullread,38000000,qt_qhash,2393964544,3.965254
randomfullread,38000000,spp_sparse_hash_map,930385920,2.623044
randomfullread,38000000,hopscotch_map,1624064000,1.782686
randomfullread,40000000,stl_unordered_map,1885863936,5.170433
randomfullread,40000000,boost_unordered_map,2336030720,6.642178
randomfullread,40000000,google_sparse_hash_map,729731072,6.344376
randomfullread,40000000,google_dense_hash_map,2160910336,1.642987
randomfullread,40000000,qt_qhash,2489933824,4.252078
randomfullread,40000000,spp_sparse_hash_map,964042752,2.782559
randomfullread,40000000,hopscotch_map,1624064000,1.826507
iteration,2000000,stl_unordered_map,94519296,0.105805
iteration,2000000,boost_unordered_map,134586368,0.118631
iteration,2000000,google_sparse_hash_map,50221056,0.013191
iteration,2000000,google_dense_hash_map,80535552,0.030381
iteration,2000000,qt_qhash,145747968,0.212474
iteration,2000000,spp_sparse_hash_map,54706176,0.011955
iteration,2000000,hopscotch_map,114114560,0.022691
iteration,4000000,stl_unordered_map,176140288,0.221331
iteration,4000000,boost_unordered_map,255721472,0.249759
iteration,4000000,google_sparse_hash_map,87031808,0.027344
iteration,4000000,google_dense_hash_map,147644416,0.060690
iteration,4000000,qt_qhash,258629632,0.438032
iteration,4000000,spp_sparse_hash_map,96239616,0.024733
iteration,4000000,hopscotch_map,214777856,0.045863
iteration,6000000,stl_unordered_map,276123648,0.351752
iteration,6000000,boost_unordered_map,351690752,0.370772
iteration,6000000,google_sparse_hash_map,120147968,0.036056
iteration,6000000,google_dense_hash_map,281862144,0.107020
iteration,6000000,qt_qhash,388153344,0.679562
iteration,6000000,spp_sparse_hash_map,146731008,0.040594
iteration,6000000,hopscotch_map,214777856,0.037848
iteration,8000000,stl_unordered_map,340058112,0.460557
iteration,8000000,boost_unordered_map,497991680,0.519507
iteration,8000000,google_sparse_hash_map,160522240,0.056773
iteration,8000000,google_dense_hash_map,281862144,0.121291
iteration,8000000,qt_qhash,484122624,0.895582
iteration,8000000,spp_sparse_hash_map,178900992,0.050996
iteration,8000000,hopscotch_map,416104448,0.092159
iteration,10000000,stl_unordered_map,477057024,0.628370
iteration,10000000,boost_unordered_map,593960960,0.634417
iteration,10000000,google_sparse_hash_map,192421888,0.064556
iteration,10000000,google_dense_hash_map,550297600,0.189366
iteration,10000000,qt_qhash,647200768,1.151564
iteration,10000000,spp_sparse_hash_map,251092992,0.072422
iteration,10000000,hopscotch_map,416104448,0.089246
iteration,12000000,stl_unordered_map,540991488,0.737289
iteration,12000000,boost_unordered_map,690065408,0.771135
iteration,12000000,google_sparse_hash_map,226754560,0.073039
iteration,12000000,google_dense_hash_map,550297600,0.215383
iteration,12000000,qt_qhash,743305216,1.389757
iteration,12000000,spp_sparse_hash_map,280154112,0.079697
iteration,12000000,hopscotch_map,416104448,0.076120
iteration,14000000,stl_unordered_map,605061120,0.836734
iteration,14000000,boost_unordered_map,886697984,1.001633
iteration,14000000,google_sparse_hash_map,272220160,0.111245
iteration,14000000,google_dense_hash_map,550297600,0.231707
iteration,14000000,qt_qhash,839274496,1.610361
iteration,14000000,spp_sparse_hash_map,311107584,0.090828
iteration,14000000,hopscotch_map,416104448,0.059309
iteration,16000000,stl_unordered_map,668995584,0.952107
iteration,16000000,boost_unordered_map,982667264,1.108840
iteration,16000000,google_sparse_hash_map,307769344,0.117775
iteration,16000000,google_dense_hash_map,550297600,0.235393
iteration,16000000,qt_qhash,935243776,1.845330
iteration,16000000,spp_sparse_hash_map,344358912,0.107994
iteration,16000000,hopscotch_map,818757632,0.184920
iteration,18000000,stl_unordered_map,881164288,1.237708
iteration,18000000,boost_unordered_map,1078636544,1.231570
iteration,18000000,google_sparse_hash_map,339804160,0.131902
iteration,18000000,google_dense_hash_map,1087168512,0.349832
iteration,18000000,qt_qhash,1165430784,2.242476
iteration,18000000,spp_sparse_hash_map,453734400,0.132321
iteration,18000000,hopscotch_map,818757632,0.185060
iteration,20000000,stl_unordered_map,945098752,1.333679
iteration,20000000,boost_unordered_map,1174740992,1.420607
iteration,20000000,google_sparse_hash_map,371703808,0.148622
iteration,20000000,google_dense_hash_map,1087168512,0.380692
iteration,20000000,qt_qhash,1261535232,2.536539
iteration,20000000,spp_sparse_hash_map,488742912,0.165061
iteration,20000000,hopscotch_map,818757632,0.179768
iteration,22000000,stl_unordered_map,1009168384,1.439066
iteration,22000000,boost_unordered_map,1270710272,1.560686
iteration,22000000,google_sparse_hash_map,405901312,0.149539
iteration,22000000,google_dense_hash_map,1087168512,0.405982
iteration,22000000,qt_qhash,1357504512,2.832989
iteration,22000000,spp_sparse_hash_map,518479872,0.164268
iteration,22000000,hopscotch_map,818757632,0.168572
iteration,24000000,stl_unordered_map,1073102848,1.572724
iteration,24000000,boost_unordered_map,1366679552,1.714612
iteration,24000000,google_sparse_hash_map,439963648,0.155884
iteration,24000000,google_dense_hash_map,1087168512,0.427715
iteration,24000000,qt_qhash,1453473792,3.153453
iteration,24000000,spp_sparse_hash_map,546729984,0.177178
iteration,24000000,hopscotch_map,818757632,0.153917
iteration,26000000,stl_unordered_map,1137172480,1.692160
iteration,26000000,boost_unordered_map,1663975424,2.130890
iteration,26000000,google_sparse_hash_map,474296320,0.171499
iteration,26000000,google_dense_hash_map,1087168512,0.453318
iteration,26000000,qt_qhash,1549443072,3.444961
iteration,26000000,spp_sparse_hash_map,576466944,0.196734
iteration,26000000,hopscotch_map,818757632,0.137196
iteration,28000000,stl_unordered_map,1201106944,1.869666
iteration,28000000,boost_unordered_map,1759944704,2.251596
iteration,28000000,google_sparse_hash_map,531034112,0.238072
iteration,28000000,google_dense_hash_map,1087168512,0.463720
iteration,28000000,qt_qhash,1645412352,3.803493
iteration,28000000,spp_sparse_hash_map,608907264,0.210737
iteration,28000000,hopscotch_map,818757632,0.119206
iteration,30000000,stl_unordered_map,1265176576,1.961314
iteration,30000000,boost_unordered_map,1856049152,2.423403
iteration,30000000,google_sparse_hash_map,566988800,0.255259
iteration,30000000,google_dense_hash_map,1087168512,0.474861
iteration,30000000,qt_qhash,1741516800,4.079002
iteration,30000000,spp_sparse_hash_map,641617920,0.222115
iteration,30000000,hopscotch_map,818757632,0.102203
iteration,32000000,stl_unordered_map,1329111040,2.143542
iteration,32000000,boost_unordered_map,1952018432,2.550636
iteration,32000000,google_sparse_hash_map,602132480,0.266350
iteration,32000000,google_dense_hash_map,1087168512,0.491109
iteration,32000000,qt_qhash,1837486080,4.404768
iteration,32000000,spp_sparse_hash_map,675545088,0.241261
iteration,32000000,hopscotch_map,1624064000,0.369711
iteration,34000000,stl_unordered_map,1393180672,2.244878
iteration,34000000,boost_unordered_map,2047987712,2.723427
iteration,34000000,google_sparse_hash_map,634843136,0.285893
iteration,34000000,google_dense_hash_map,2160910336,0.672342
iteration,34000000,qt_qhash,2201890816,5.034711
iteration,34000000,spp_sparse_hash_map,854016000,0.290477
iteration,34000000,hopscotch_map,1624064000,0.371456
iteration,36000000,stl_unordered_map,1457115136,2.468174
iteration,36000000,boost_unordered_map,2143956992,2.922588
iteration,36000000,google_sparse_hash_map,666066944,0.291180
iteration,36000000,google_dense_hash_map,2160910336,0.701314
iteration,36000000,qt_qhash,2297860096,5.366487
iteration,36000000,spp_sparse_hash_map,893890560,0.309036
iteration,36000000,hopscotch_map,1624064000,0.369265
iteration,38000000,stl_unordered_map,1821929472,2.929124
iteration,38000000,boost_unordered_map,2240061440,3.064986
iteration,38000000,google_sparse_hash_map,697425920,0.299461
iteration,38000000,google_dense_hash_map,2160910336,0.704466
iteration,38000000,qt_qhash,2393964544,5.718024
iteration,38000000,spp_sparse_hash_map,930385920,0.330384
iteration,38000000,hopscotch_map,1624064000,0.364688
iteration,40000000,stl_unordered_map,1885863936,3.054684
iteration,40000000,boost_unordered_map,2336030720,3.302109
iteration,40000000,google_sparse_hash_map,729731072,0.304888
iteration,40000000,google_dense_hash_map,2160910336,0.755469
iteration,40000000,qt_qhash,2489933824,6.048530
iteration,40000000,spp_sparse_hash_map,964042752,0.347317
iteration,40000000,hopscotch_map,1624064000,0.358163
delete,2000000,stl_unordered_map,94519296,0.735059
delete,2000000,boost_unordered_map,134451200,0.764302
delete,2000000,google_sparse_hash_map,50221056,0.242658
delete,2000000,google_dense_hash_map,80535552,0.067294
delete,2000000,qt_qhash,134332416,0.886707
delete,2000000,spp_sparse_hash_map,54706176,0.279822
delete,2000000,hopscotch_map,114114560,0.295025
delete,4000000,stl_unordered_map,176140288,1.574000
delete,4000000,boost_unordered_map,255721472,1.609547
delete,4000000,google_sparse_hash_map,87031808,0.548108
delete,4000000,google_dense_hash_map,147644416,0.139666
delete,4000000,qt_qhash,235577344,1.923374
delete,4000000,spp_sparse_hash_map,96239616,0.630339
delete,4000000,hopscotch_map,214777856,0.662968
delete,6000000,stl_unordered_map,276123648,2.430219
delete,6000000,boost_unordered_map,351690752,2.464929
delete,6000000,google_sparse_hash_map,120147968,0.981470
delete,6000000,google_dense_hash_map,281862144,0.199736
delete,6000000,qt_qhash,256131072,2.996443
delete,6000000,spp_sparse_hash_map,146595840,0.963996
delete,6000000,hopscotch_map,214777856,0.793952
delete,8000000,stl_unordered_map,340058112,3.261470
delete,8000000,boost_unordered_map,497991680,3.306476
delete,8000000,google_sparse_hash_map,160522240,1.302515
delete,8000000,google_dense_hash_map,281862144,0.288406
delete,8000000,qt_qhash,405655552,4.035150
delete,8000000,spp_sparse_hash_map,178900992,1.369224
delete,8000000,hopscotch_map,416104448,1.422175
delete,10000000,stl_unordered_map,477057024,4.383925
delete,10000000,boost_unordered_map,593960960,4.198120
delete,10000000,google_sparse_hash_map,192421888,1.644180
delete,10000000,google_dense_hash_map,550297600,0.335993
delete,10000000,qt_qhash,524095488,5.206494
delete,10000000,spp_sparse_hash_map,251092992,1.650947
delete,10000000,hopscotch_map,416104448,1.441876
delete,12000000,stl_unordered_map,540991488,4.961364
delete,12000000,boost_unordered_map,690065408,5.109481
delete,12000000,google_sparse_hash_map,226754560,2.129834
delete,12000000,google_dense_hash_map,550297600,0.413167
delete,12000000,qt_qhash,620097536,6.235690
delete,12000000,spp_sparse_hash_map,280154112,2.135123
delete,12000000,hopscotch_map,416104448,1.652907
delete,14000000,stl_unordered_map,605061120,5.814239
delete,14000000,boost_unordered_map,886697984,6.100931
delete,14000000,google_sparse_hash_map,272220160,2.297741
delete,14000000,google_dense_hash_map,550297600,0.495139
delete,14000000,qt_qhash,715575296,7.291992
delete,14000000,spp_sparse_hash_map,311107584,2.444445
delete,14000000,hopscotch_map,416104448,1.813968
delete,16000000,stl_unordered_map,668995584,6.748347
delete,16000000,boost_unordered_map,982667264,7.076291
delete,16000000,google_sparse_hash_map,307769344,2.698534
delete,16000000,google_dense_hash_map,550297600,0.590360
delete,16000000,qt_qhash,812101632,8.529435
delete,16000000,spp_sparse_hash_map,344358912,2.867557
delete,16000000,hopscotch_map,818757632,2.898725
delete,18000000,stl_unordered_map,881164288,7.882705
delete,18000000,boost_unordered_map,1078636544,8.094087
delete,18000000,google_sparse_hash_map,339804160,3.085338
delete,18000000,google_dense_hash_map,1087168512,0.648228
delete,18000000,qt_qhash,842809344,10.034435
delete,18000000,spp_sparse_hash_map,453734400,3.127879
delete,18000000,hopscotch_map,818757632,3.137753
delete,20000000,stl_unordered_map,945098752,8.747216
delete,20000000,boost_unordered_map,1174740992,9.129346
delete,20000000,google_sparse_hash_map,371703808,3.534338
delete,20000000,google_dense_hash_map,1087168512,0.727569
delete,20000000,qt_qhash,978657280,11.386239
delete,20000000,spp_sparse_hash_map,488742912,3.447452
delete,20000000,hopscotch_map,818757632,3.342888
delete,22000000,stl_unordered_map,1009168384,9.688712
delete,22000000,boost_unordered_map,1270710272,10.277530
delete,22000000,google_sparse_hash_map,405901312,4.034306
delete,22000000,google_dense_hash_map,1087168512,0.826667
delete,22000000,qt_qhash,1074847744,12.611195
delete,22000000,spp_sparse_hash_map,518479872,3.870207
delete,22000000,hopscotch_map,818757632,3.384675
delete,24000000,stl_unordered_map,1073102848,10.661066
delete,24000000,boost_unordered_map,1366679552,11.439529
delete,24000000,google_sparse_hash_map,439963648,4.620894
delete,24000000,google_dense_hash_map,1087168512,0.900860
delete,24000000,qt_qhash,989356032,13.933776
delete,24000000,spp_sparse_hash_map,546729984,4.251408
delete,24000000,hopscotch_map,818757632,3.716822
delete,26000000,stl_unordered_map,1137172480,11.657142
delete,26000000,boost_unordered_map,1663975424,13.125416
delete,26000000,google_sparse_hash_map,474296320,5.892904
delete,26000000,google_dense_hash_map,1087168512,0.986231
delete,26000000,qt_qhash,1260871680,15.393253
delete,26000000,spp_sparse_hash_map,576466944,4.718817
delete,26000000,hopscotch_map,818757632,3.777816
delete,28000000,stl_unordered_map,1201106944,12.785156
delete,28000000,boost_unordered_map,1759944704,14.350488
delete,28000000,google_sparse_hash_map,531034112,5.552986
delete,28000000,google_dense_hash_map,1087168512,1.165612
delete,28000000,qt_qhash,1363103744,16.805035
delete,28000000,spp_sparse_hash_map,608907264,5.166765
delete,28000000,hopscotch_map,818757632,4.165860
delete,30000000,stl_unordered_map,1265176576,13.862364
delete,30000000,boost_unordered_map,1856049152,15.506078
delete,30000000,google_sparse_hash_map,566988800,5.308222
delete,30000000,google_dense_hash_map,1087168512,1.187051
delete,30000000,qt_qhash,1273851904,18.130188
delete,30000000,spp_sparse_hash_map,641617920,5.672529
delete,30000000,hopscotch_map,818757632,4.244704
delete,32000000,stl_unordered_map,1329111040,15.080364
delete,32000000,boost_unordered_map,1952018432,16.472216
delete,32000000,google_sparse_hash_map,602132480,6.556896
delete,32000000,google_dense_hash_map,1087168512,1.333792
delete,32000000,qt_qhash,1453416448,19.818671
delete,32000000,spp_sparse_hash_map,675545088,6.411663
delete,32000000,hopscotch_map,1624064000,6.224789
delete,34000000,stl_unordered_map,1393180672,16.191612
delete,34000000,boost_unordered_map,2047987712,17.838484
delete,34000000,google_sparse_hash_map,634843136,7.027013
delete,34000000,google_dense_hash_map,2160910336,1.491291
delete,34000000,qt_qhash,1641295872,21.893245
delete,34000000,spp_sparse_hash_map,854016000,6.401639
delete,34000000,hopscotch_map,1624064000,6.438211
delete,36000000,stl_unordered_map,1457115136,17.395448
delete,36000000,boost_unordered_map,2143956992,18.783114
delete,36000000,google_sparse_hash_map,666066944,6.742432
delete,36000000,google_dense_hash_map,2160910336,1.587448
delete,36000000,qt_qhash,1772097536,23.392639
delete,36000000,spp_sparse_hash_map,893890560,6.943264
delete,36000000,hopscotch_map,1624064000,6.548712
delete,38000000,stl_unordered_map,1821929472,19.952596
delete,38000000,boost_unordered_map,2240061440,20.089691
delete,38000000,google_sparse_hash_map,697425920,7.231401
delete,38000000,google_dense_hash_map,2160910336,1.790114
delete,38000000,qt_qhash,1492230144,24.681061
delete,38000000,spp_sparse_hash_map,930250752,7.476188
delete,38000000,hopscotch_map,1624064000,6.753758
delete,40000000,stl_unordered_map,1885863936,21.138567
delete,40000000,boost_unordered_map,2336030720,21.163144
delete,40000000,google_sparse_hash_map,729731072,8.050895
delete,40000000,google_dense_hash_map,2160910336,1.893605
delete,40000000,qt_qhash,1963569152,26.277453
delete,40000000,spp_sparse_hash_map,964042752,7.522443
delete,40000000,hopscotch_map,1624064000,7.007121
insertstring,2000000,stl_unordered_map,316919808,1.443052
insertstring,2000000,boost_unordered_map,316612608,1.422355
insertstring,2000000,google_sparse_hash_map,258514944,11.361474
insertstring,2000000,google_dense_hash_map,347361280,1.600334
insertstring,2000000,qt_qhash,336240640,1.334546
insertstring,2000000,spp_sparse_hash_map,265551872,1.889662
insertstring,2000000,hopscotch_map,438747136,1.572335
insertstring,4000000,stl_unordered_map,622649344,2.997886
insertstring,4000000,boost_unordered_map,621432832,2.896978
insertstring,4000000,google_sparse_hash_map,505241600,24.304665
insertstring,4000000,google_dense_hash_map,683417600,3.250045
insertstring,4000000,qt_qhash,641060864,2.738428
insertstring,4000000,spp_sparse_hash_map,519299072,3.927899
insertstring,4000000,hopscotch_map,864047104,3.161487
insertstring,6000000,stl_unordered_map,946606080,5.172659
insertstring,6000000,boost_unordered_map,943030272,4.602490
insertstring,6000000,google_sparse_hash_map,748408832,35.827589
insertstring,6000000,google_dense_hash_map,1354719232,5.640546
insertstring,6000000,qt_qhash,962658304,4.415568
insertstring,6000000,spp_sparse_hash_map,784437248,6.531172
insertstring,6000000,hopscotch_map,1490673664,5.396707
insertstring,8000000,stl_unordered_map,1234649088,6.246470
insertstring,8000000,boost_unordered_map,1231073280,6.007508
insertstring,8000000,google_sparse_hash_map,999780352,52.066921
insertstring,8000000,google_dense_hash_map,1354719232,6.786279
insertstring,8000000,qt_qhash,1250701312,5.665780
insertstring,8000000,spp_sparse_hash_map,1026658304,8.360333
insertstring,8000000,hopscotch_map,1714647040,6.476059
insertstring,10000000,stl_unordered_map,1595756544,8.951242
insertstring,10000000,boost_unordered_map,1586225152,8.225418
insertstring,10000000,google_sparse_hash_map,1244839936,62.613402
insertstring,10000000,google_dense_hash_map,2697052160,10.562754
insertstring,10000000,qt_qhash,1605853184,8.062767
insertstring,10000000,spp_sparse_hash_map,1320255488,11.941196
insertstring,10000000,hopscotch_map,1938755584,7.569788
insertstring,12000000,stl_unordered_map,1883799552,10.393395
insertstring,12000000,boost_unordered_map,1874268160,9.593527
insertstring,12000000,google_sparse_hash_map,1487736832,76.440876
insertstring,12000000,google_dense_hash_map,2697052160,11.601599
insertstring,12000000,qt_qhash,1893896192,9.290518
insertstring,12000000,spp_sparse_hash_map,1556934656,13.615915
insertstring,12000000,hopscotch_map,2162728960,8.628377
insertstring,14000000,stl_unordered_map,2171842560,11.728371
insertstring,14000000,boost_unordered_map,2162311168,11.035138
insertstring,14000000,google_sparse_hash_map,1771773952,101.311359
insertstring,14000000,google_dense_hash_map,2697052160,12.686775
insertstring,14000000,qt_qhash,2181939200,10.514860
insertstring,14000000,spp_sparse_hash_map,1798074368,15.134179
insertstring,14000000,hopscotch_map,2386702336,9.773340
insertstring,16000000,stl_unordered_map,2459885568,13.398668
insertstring,16000000,boost_unordered_map,2450354176,12.540742
insertstring,16000000,google_sparse_hash_map,1991151616,110.045046
insertstring,16000000,google_dense_hash_map,2697052160,13.849619
insertstring,16000000,qt_qhash,2470117376,12.002116
insertstring,16000000,spp_sparse_hash_map,2041241600,17.082520
insertstring,16000000,hopscotch_map,3415982080,14.252205
insertstring,18000000,stl_unordered_map,2896027648,17.503900
insertstring,18000000,boost_unordered_map,2872614912,15.772467
insertstring,18000000,google_sparse_hash_map,2237022208,121.675698
insertstring,18000000,google_dense_hash_map,5381312512,20.643463
insertstring,18000000,qt_qhash,2892378112,15.828883
insertstring,18000000,spp_sparse_hash_map,2419466240,22.952970
insertstring,18000000,hopscotch_map,3639955456,15.409744
insertstring,20000000,stl_unordered_map,3184070656,18.809962
insertstring,20000000,boost_unordered_map,3160657920,17.292303
insertstring,20000000,google_sparse_hash_map,2481676288,134.443619
insertstring,20000000,google_dense_hash_map,5381312512,21.651757
insertstring,20000000,qt_qhash,3180421120,17.186388
insertstring,20000000,spp_sparse_hash_map,2628435968,24.583623
insertstring,20000000,hopscotch_map,3864064000,16.478714
insertstring,22000000,stl_unordered_map,3472113664,20.208404
insertstring,22000000,boost_unordered_map,3448700928,19.037423
insertstring,22000000,google_sparse_hash_map,2724978688,148.469753
insertstring,22000000,google_dense_hash_map,5381312512,22.828313
insertstring,22000000,qt_qhash,3468464128,18.207518
insertstring,22000000,spp_sparse_hash_map,2863628288,26.158645
insertstring,22000000,hopscotch_map,4088037376,17.633674
insertstring,24000000,stl_unordered_map,3760156672,21.608574
insertstring,24000000,boost_unordered_map,3736743936,20.020634
insertstring,24000000,google_sparse_hash_map,2967334912,162.922318
insertstring,24000000,google_dense_hash_map,5381312512,23.949811
insertstring,24000000,qt_qhash,3756507136,19.340084
insertstring,24000000,spp_sparse_hash_map,3101794304,27.987723
insertstring,24000000,hopscotch_map,4312010752,18.805133
readstring,2000000,stl_unordered_map,316919808,1.319947
readstring,2000000,boost_unordered_map,316612608,1.297085
readstring,2000000,google_sparse_hash_map,258514944,1.021533
readstring,2000000,google_dense_hash_map,363360256,0.907101
readstring,2000000,qt_qhash,336240640,1.000361
readstring,2000000,spp_sparse_hash_map,265551872,1.041612
readstring,2000000,hopscotch_map,454774784,0.892829
readstring,4000000,stl_unordered_map,622649344,2.615576
readstring,4000000,boost_unordered_map,621432832,2.557432
readstring,4000000,google_sparse_hash_map,505241600,2.227384
readstring,4000000,google_dense_hash_map,683417600,1.865149
readstring,4000000,qt_qhash,641060864,1.956596
readstring,4000000,spp_sparse_hash_map,519299072,2.202315
readstring,4000000,hopscotch_map,864047104,2.008201
readstring,6000000,stl_unordered_map,946606080,4.013326
readstring,6000000,boost_unordered_map,943030272,3.823461
readstring,6000000,google_sparse_hash_map,748408832,3.837968
readstring,6000000,google_dense_hash_map,1354719232,2.922943
readstring,6000000,qt_qhash,962658304,2.963205
readstring,6000000,spp_sparse_hash_map,784437248,3.327996
readstring,6000000,hopscotch_map,1490673664,2.963317
readstring,8000000,stl_unordered_map,1234649088,5.501760
readstring,8000000,boost_unordered_map,1231073280,5.416771
readstring,8000000,google_sparse_hash_map,999780352,4.938745
readstring,8000000,google_dense_hash_map,1354719232,4.112029
readstring,8000000,qt_qhash,1250701312,4.351889
readstring,8000000,spp_sparse_hash_map,1026658304,4.765645
readstring,8000000,hopscotch_map,1714647040,4.131852
readstring,10000000,stl_unordered_map,1595756544,6.945986
readstring,10000000,boost_unordered_map,1586225152,6.716135
readstring,10000000,google_sparse_hash_map,1244839936,6.595279
readstring,10000000,google_dense_hash_map,2697052160,5.143437
readstring,10000000,qt_qhash,1605853184,5.118818
readstring,10000000,spp_sparse_hash_map,1320255488,5.904973
readstring,10000000,hopscotch_map,1938755584,5.404303
readstring,12000000,stl_unordered_map,1883799552,8.653722
readstring,12000000,boost_unordered_map,1874268160,8.347271
readstring,12000000,google_sparse_hash_map,1487736832,8.226516
readstring,12000000,google_dense_hash_map,2697052160,6.469320
readstring,12000000,qt_qhash,1893896192,6.380793
readstring,12000000,spp_sparse_hash_map,1556934656,7.212525
readstring,12000000,hopscotch_map,2162728960,6.596813
readstring,14000000,stl_unordered_map,2171842560,10.445149
readstring,14000000,boost_unordered_map,2162311168,9.944260
readstring,14000000,google_sparse_hash_map,1771773952,8.966037
readstring,14000000,google_dense_hash_map,2697052160,7.480737
readstring,14000000,qt_qhash,2181939200,7.698200
readstring,14000000,spp_sparse_hash_map,1798074368,8.616969
readstring,14000000,hopscotch_map,2386702336,7.873943
readstring,16000000,stl_unordered_map,2459885568,11.903571
readstring,16000000,boost_unordered_map,2450354176,11.676497
readstring,16000000,google_sparse_hash_map,1991151616,10.521653
readstring,16000000,google_dense_hash_map,2697052160,8.942795
readstring,16000000,qt_qhash,2470117376,9.017723
readstring,16000000,spp_sparse_hash_map,2041241600,10.516871
readstring,16000000,hopscotch_map,3415982080,8.989531
readstring,18000000,stl_unordered_map,2896027648,13.273230
readstring,18000000,boost_unordered_map,2872614912,12.865056
readstring,18000000,google_sparse_hash_map,2237022208,12.176926
readstring,18000000,google_dense_hash_map,5381312512,9.907298
readstring,18000000,qt_qhash,2892378112,10.115322
readstring,18000000,spp_sparse_hash_map,2419466240,11.601770
readstring,18000000,hopscotch_map,3639955456,10.035164
readstring,20000000,stl_unordered_map,3184070656,14.820646
readstring,20000000,boost_unordered_map,3160657920,14.407311
readstring,20000000,google_sparse_hash_map,2481676288,14.117665
readstring,20000000,google_dense_hash_map,5381312512,11.117612
readstring,20000000,qt_qhash,3180421120,11.395948
readstring,20000000,spp_sparse_hash_map,2628435968,13.115739
readstring,20000000,hopscotch_map,3864064000,11.241341
readstring,22000000,stl_unordered_map,3472113664,16.498612
readstring,22000000,boost_unordered_map,3448700928,15.908066
readstring,22000000,google_sparse_hash_map,2724978688,15.666034
readstring,22000000,google_dense_hash_map,5381312512,12.301950
readstring,22000000,qt_qhash,3468464128,12.143907
readstring,22000000,spp_sparse_hash_map,2863628288,14.369747
readstring,22000000,hopscotch_map,4088037376,12.579979
readstring,24000000,stl_unordered_map,3760156672,18.030525
readstring,24000000,boost_unordered_map,3736743936,17.603237
readstring,24000000,google_sparse_hash_map,2967334912,17.616131
readstring,24000000,google_dense_hash_map,5381312512,13.802191
readstring,24000000,qt_qhash,3756507136,13.407667
readstring,24000000,spp_sparse_hash_map,3101794304,15.820249
readstring,24000000,hopscotch_map,4312010752,13.932245
deletestring,2000000,stl_unordered_map,316919808,1.498406
deletestring,2000000,boost_unordered_map,316612608,1.513209
deletestring,2000000,google_sparse_hash_map,258514944,1.014193
deletestring,2000000,google_dense_hash_map,363360256,0.937383
deletestring,2000000,qt_qhash,324784128,2.041304
deletestring,2000000,spp_sparse_hash_map,16580608,2.109741
deletestring,2000000,hopscotch_map,214773760,1.726416
deletestring,4000000,stl_unordered_map,622649344,3.114306
deletestring,4000000,boost_unordered_map,621432832,2.990689
deletestring,4000000,google_sparse_hash_map,505241600,2.193464
deletestring,4000000,google_dense_hash_map,683417600,1.852359
deletestring,4000000,qt_qhash,618078208,4.151639
deletestring,4000000,spp_sparse_hash_map,19726336,4.506138
deletestring,4000000,hopscotch_map,864047104,2.595439
deletestring,6000000,stl_unordered_map,946606080,4.606805
deletestring,6000000,boost_unordered_map,943030272,4.713724
deletestring,6000000,google_sparse_hash_map,748408832,3.838629
deletestring,6000000,google_dense_hash_map,1354719232,2.926545
deletestring,6000000,qt_qhash,917663744,6.458451
deletestring,6000000,spp_sparse_hash_map,26017792,6.934738
deletestring,6000000,hopscotch_map,1490673664,4.230918
deletestring,8000000,stl_unordered_map,1234649088,6.384497
deletestring,8000000,boost_unordered_map,1231073280,6.412384
deletestring,8000000,google_sparse_hash_map,999780352,4.841735
deletestring,8000000,google_dense_hash_map,1354719232,4.038930
deletestring,8000000,qt_qhash,1205714944,9.028861
deletestring,8000000,spp_sparse_hash_map,26017792,9.799341
deletestring,8000000,hopscotch_map,1714647040,5.451857
deletestring,10000000,stl_unordered_map,1595621376,8.182275
deletestring,10000000,boost_unordered_map,1586225152,8.225596
deletestring,10000000,google_sparse_hash_map,1244839936,6.410101
deletestring,10000000,google_dense_hash_map,2697052160,5.202662
deletestring,10000000,qt_qhash,1482227712,11.610518
deletestring,10000000,spp_sparse_hash_map,38600704,12.327864
deletestring,10000000,hopscotch_map,1938755584,6.708287
deletestring,12000000,stl_unordered_map,1883799552,10.059151
deletestring,12000000,boost_unordered_map,1874268160,10.029472
deletestring,12000000,google_sparse_hash_map,1487736832,8.071344
deletestring,12000000,google_dense_hash_map,2697052160,6.353238
deletestring,12000000,qt_qhash,1770278912,14.338323
deletestring,12000000,spp_sparse_hash_map,38600704,15.606003
deletestring,12000000,hopscotch_map,2162728960,8.017800
deletestring,14000000,stl_unordered_map,2171842560,11.853337
deletestring,14000000,boost_unordered_map,2162311168,12.024818
deletestring,14000000,google_sparse_hash_map,1771773952,8.861403
deletestring,14000000,google_dense_hash_map,2697052160,7.549660
deletestring,14000000,qt_qhash,2058330112,17.003170
deletestring,14000000,spp_sparse_hash_map,38600704,18.854507
deletestring,14000000,hopscotch_map,2386702336,9.302102
deletestring,16000000,stl_unordered_map,2459885568,13.750005
deletestring,16000000,boost_unordered_map,2450354176,13.928286
deletestring,16000000,google_sparse_hash_map,1991151616,10.395261
deletestring,16000000,google_dense_hash_map,2697052160,8.779930
deletestring,16000000,qt_qhash,2346381312,19.788249
deletestring,16000000,spp_sparse_hash_map,38600704,22.199610
deletestring,16000000,hopscotch_map,3415982080,11.726116
deletestring,18000000,stl_unordered_map,2896027648,15.901159
deletestring,18000000,boost_unordered_map,2872614912,15.666889
deletestring,18000000,google_sparse_hash_map,2237022208,11.973545
deletestring,18000000,google_dense_hash_map,5381312512,9.767594
deletestring,18000000,qt_qhash,2645970944,22.466954
deletestring,18000000,spp_sparse_hash_map,63766528,25.617470
deletestring,18000000,hopscotch_map,3639955456,12.793837
deletestring,20000000,stl_unordered_map,3184070656,17.590037
deletestring,20000000,boost_unordered_map,3160657920,17.580222
deletestring,20000000,google_sparse_hash_map,2481676288,13.528463
deletestring,20000000,google_dense_hash_map,5381312512,11.085952
deletestring,20000000,qt_qhash,2934022144,25.835338
deletestring,20000000,spp_sparse_hash_map,63766528,27.305089
deletestring,20000000,hopscotch_map,3864064000,14.100647
deletestring,22000000,stl_unordered_map,3472113664,19.462427
deletestring,22000000,boost_unordered_map,3448700928,19.348606
deletestring,22000000,google_sparse_hash_map,2724978688,15.312111
deletestring,22000000,google_dense_hash_map,5381312512,12.502099
deletestring,22000000,qt_qhash,3222073344,27.913695
deletestring,22000000,spp_sparse_hash_map,63766528,31.602034
deletestring,22000000,hopscotch_map,4088037376,15.291558
deletestring,24000000,stl_unordered_map,3760156672,21.764609
deletestring,24000000,boost_unordered_map,3736743936,21.318098
deletestring,24000000,google_sparse_hash_map,2967334912,17.684595
deletestring,24000000,google_dense_hash_map,5381312512,13.751515
deletestring,24000000,qt_qhash,3510120448,30.423686
deletestring,24000000,spp_sparse_hash_map,63766528,35.025728
deletestring,24000000,hopscotch_map,4312010752,16.761608
